{
  "transfer_bytes": {
    "target": "transfer_bytes",
    "description": "On-wire response size (bytes)",
    "n_train": 1858816,
    "n_test": 398318,
    "lut_mae": 6801.989130543937,
    "lut_med_ae": 0.0,
    "lut_rho": 0.9439627533008736,
    "xgb_mae": 4317.82470703125,
    "xgb_med_ae": 3.7551193237304688,
    "xgb_rho": 0.9324047488762,
    "improvement_pct": 36.52114662103312,
    "train_time_s": 24.426118850708008,
    "best_iteration": 196,
    "per_resource_type": {
      "script": {
        "mae": 7551.3916015625,
        "lut_mae": 16513.893820731508,
        "rho": 0.9576053360546575,
        "count": 97552
      },
      "image": {
        "mae": 5528.85400390625,
        "lut_mae": 6339.792877568664,
        "rho": 0.8828510525989653,
        "count": 90222
      },
      "other": {
        "mae": 6.015815258026123,
        "lut_mae": 5.488548995852943,
        "rho": 0.2142747890189381,
        "count": 85844
      },
      "html": {
        "mae": 1111.3719482421875,
        "lut_mae": 1227.5796947271044,
        "rho": 0.8109544204927637,
        "count": 64860
      },
      "text": {
        "mae": 860.528564453125,
        "lut_mae": 803.1642887529042,
        "rho": 0.611423478104338,
        "count": 30559
      }
    }
  }
}