{
  "headline": {
    "model_mae": 4246.45849609375,
    "model_mae_ci": [
      4078.9012145996094,
      4442.121520996094
    ],
    "model_rho": 0.932750427433809,
    "lut_dt_mae": 6801.989130543937,
    "lut_path_mae": 4325.955381127642,
    "improvement_vs_dt_pct": 37.570342813026926,
    "improvement_vs_path_pct": 1.8376723296940178
  },
  "lut_hierarchy": {
    "global_median": 19904.507340868353,
    "domain": 9007.857854779348,
    "domain_type": 6801.989130543937,
    "path": 4325.955381127642
  },
  "path_decomposition": {
    "n_seen": 366676,
    "n_unseen": 31642,
    "pct_seen": 92.0560958831888,
    "seen_lut_mae": 1810.9061214805442,
    "seen_model_mae": 2263.64453125,
    "seen_lut_ci": [
      1718.1632952865746,
      1940.0183279993782
    ],
    "seen_model_ci": [
      2168.6966247558594,
      2390.2531860351564
    ],
    "unseen_lut_mae": 33471.0221382972,
    "unseen_model_mae": 27223.841796875
  }
}