{
  "transfer_bytes": {
    "target": "transfer_bytes",
    "description": "On-wire response size (bytes)",
    "n_train": 2443576,
    "n_test": 523624,
    "lut_mae": 6578.059648717401,
    "lut_med_ae": 0.0,
    "lut_rho": 0.9259991798078695,
    "xgb_mae": 3733.495361328125,
    "xgb_med_ae": 3.0414886474609375,
    "xgb_rho": 0.9410983248841,
    "improvement_pct": 43.24321212173734,
    "train_time_s": 42.947855710983276,
    "best_iteration": 310,
    "per_resource_type": {
      "script": {
        "mae": 3707.912841796875,
        "lut_mae": 12916.184417470691,
        "rho": 0.9757165184556256,
        "count": 144585
      },
      "image": {
        "mae": 7545.9794921875,
        "lut_mae": 8030.351650762313,
        "rho": 0.9169288129561304,
        "count": 136755
      },
      "other": {
        "mae": 6.3366827964782715,
        "lut_mae": 6.467985994824174,
        "rho": 0.28480580737337674,
        "count": 98535
      },
      "html": {
        "mae": 1330.8262939453125,
        "lut_mae": 2238.277797603599,
        "rho": 0.8470029792827837,
        "count": 92472
      },
      "text": {
        "mae": 305.0169372558594,
        "lut_mae": 291.3901405828135,
        "rho": 0.7704821822144499,
        "count": 42964
      }
    }
  }
}