{
  "headline": {
    "model_mae": 3704.7080078125,
    "model_mae_ci": [
      3556.2965393066406,
      3863.024053955078
    ],
    "model_rho": 0.9413251359322651,
    "lut_dt_mae": 6578.059648717401,
    "lut_path_mae": 3795.1014372908803,
    "improvement_vs_dt_pct": 43.68083894564791,
    "improvement_vs_path_pct": 2.3818448853611507
  },
  "lut_hierarchy": {
    "global_median": 13618.625714252976,
    "domain": 7867.219855277833,
    "domain_type": 6578.059648717401,
    "path": 3795.1014372908803
  },
  "path_decomposition": {
    "n_seen": 479580,
    "n_unseen": 44044,
    "pct_seen": 91.58862084243655,
    "seen_lut_mae": 1472.8788377330163,
    "seen_model_mae": 1528.8076171875,
    "seen_lut_ci": [
      1436.0110558196754,
      1508.2042024531881
    ],
    "seen_model_ci": [
      1500.2422576904296,
      1558.480764770508
    ],
    "unseen_lut_mae": 29080.986331849967,
    "unseen_model_mae": 27397.337890625
  }
}